{
  "minecraft:recipes/decorations/crafting_table": {
    "criteria": {
      "unlock_right_away": "2024-06-18 14:19:34 +0000"
    },
    "done": true
  },
  "minecraft:adventure/adventuring_time": {
    "criteria": {
      "forest": "2024-06-19 02:18:00 +0000"
    },
    "done": false
  },
  "blazeandcave:biomes/one_with_the_forest": {
    "criteria": {
      "flower_forest": "2024-06-19 02:18:00 +0000"
    },
    "done": false
  },
  "blazeandcave:challenges/explorer_of_worlds": {
    "criteria": {
      "flower_forest": "2024-06-19 02:18:00 +0000"
    },
    "done": false
  },
  "blazeandcave:bacap/root": {
    "criteria": {
      "location": "2024-06-19 02:18:00 +0000"
    },
    "done": true
  },
  "blazeandcave:biomes/enchanted_forest": {
    "criteria": {
      "flower_forest": "2024-06-19 02:18:00 +0000"
    },
    "done": true
  },
  "blazeandcave:bacap/advancement_legend": {
    "criteria": {
      "enchanted_forest": "2024-06-19 02:18:01 +0000",
      "bacap_root": "2024-06-19 02:18:01 +0000",
      "the_first_night": "2024-06-21 02:58:02 +0000",
      "statistics_root": "2024-06-21 02:58:03 +0000"
    },
    "done": false
  },
  "blazeandcave:bacap/biomes_milestone": {
    "criteria": {
      "enchanted_forest": "2024-06-19 02:18:01 +0000"
    },
    "done": false
  },
  "blazeandcave:bacap/statistics_milestone": {
    "criteria": {
      "root": "2024-06-21 02:58:03 +0000",
      "the_first_night": "2024-06-21 02:58:02 +0000"
    },
    "done": false
  },
  "blazeandcave:technical/stat_branch2_mid": {
    "criteria": {
      "root": "2024-06-21 02:58:03 +0000"
    },
    "done": true
  },
  "blazeandcave:technical/stat_branch4_mid": {
    "criteria": {
      "root": "2024-06-21 02:58:03 +0000"
    },
    "done": true
  },
  "blazeandcave:technical/stat_branch6_mid": {
    "criteria": {
      "root": "2024-06-21 02:58:03 +0000"
    },
    "done": true
  },
  "blazeandcave:technical/stat_branch8_mid": {
    "criteria": {
      "root": "2024-06-21 02:58:03 +0000"
    },
    "done": true
  },
  "blazeandcave:statistics/the_first_night": {
    "criteria": {
      "trigger": "2024-06-21 02:58:01 +0000"
    },
    "done": true
  },
  "blazeandcave:technical/stat_branch1_mid": {
    "criteria": {
      "root": "2024-06-21 02:58:03 +0000"
    },
    "done": true
  },
  "blazeandcave:statistics/root": {
    "criteria": {
      "the_first_night": "2024-06-21 02:58:02 +0000"
    },
    "done": true
  },
  "blazeandcave:technical/stat_branch3_mid": {
    "criteria": {
      "root": "2024-06-21 02:58:03 +0000"
    },
    "done": true
  },
  "blazeandcave:technical/stat_branch5_mid": {
    "criteria": {
      "root": "2024-06-21 02:58:03 +0000"
    },
    "done": true
  },
  "blazeandcave:technical/stat_branch7_mid": {
    "criteria": {
      "root": "2024-06-21 02:58:03 +0000"
    },
    "done": true
  },
  "blazeandcave:technical/stat_branch9_mid": {
    "criteria": {
      "root": "2024-06-21 02:58:03 +0000"
    },
    "done": true
  },
  "DataVersion": 3953
}