{
  "minecraft:recipes/decorations/crafting_table": {
    "criteria": {
      "unlock_right_away": "2024-06-18 14:19:34 +0000"
    },
    "done": true
  },
  "minecraft:adventure/adventuring_time": {
    "criteria": {
      "forest": "2024-06-19 02:18:00 +0000"
    },
    "done": false
  },
  "blazeandcave:biomes/one_with_the_forest": {
    "criteria": {
      "flower_forest": "2024-06-19 02:18:00 +0000"
    },
    "done": false
  },
  "blazeandcave:challenges/explorer_of_worlds": {
    "criteria": {
      "flower_forest": "2024-06-19 02:18:00 +0000"
    },
    "done": false
  },
  "blazeandcave:bacap/root": {
    "criteria": {
      "location": "2024-06-19 02:18:00 +0000"
    },
    "done": true
  },
  "blazeandcave:biomes/enchanted_forest": {
    "criteria": {
      "flower_forest": "2024-06-19 02:18:00 +0000"
    },
    "done": true
  },
  "blazeandcave:bacap/advancement_legend": {
    "criteria": {
      "enchanted_forest": "2024-06-19 02:18:01 +0000",
      "bacap_root": "2024-06-19 02:18:01 +0000"
    },
    "done": false
  },
  "blazeandcave:bacap/biomes_milestone": {
    "criteria": {
      "enchanted_forest": "2024-06-19 02:18:01 +0000"
    },
    "done": false
  },
  "DataVersion": 3953
}